[{"id":1,"username":"ADMIN","action":"CANDIDATE_CREATE","details":"Created candidate: Malick","timestamp":[2025,6,17,19,27,56,402493000],"hash":"d4142c5f03953885faf2bfd5446fb4ae71873874872f391aa8c3766c376003fc"},{"id":2,"username":"ADMIN","action":"CANDIDATE_CREATE","details":"Created candidate: fatou","timestamp":[2025,6,17,19,32,19,984897000],"hash":"e991b20903556b371f273193dcd87b7e4c10c242931d114cd31a74d06f8bbc9b"},{"id":3,"username":"ADMIN","action":"CANDIDATE_CREATE","details":"Created candidate: Ndeye","timestamp":[2025,6,17,19,33,28,313347000],"hash":"619b4aba874f651db13329d8e60c5fcf012e8667b921ea302f8ccb60000f7794"},{"id":4,"username":"ADMIN","action":"CANDIDATE_UPDATE","details":"Updated candidate: Malick","timestamp":[2025,6,17,19,50,49,877675000],"hash":"8b9be99f02bfa0499bde6d77075fa68da97db139b35367fc7652e2ed9d238cbb"},{"id":5,"username":"ADMIN","action":"CANDIDATE_UPDATE","details":"Updated candidate: fatou","timestamp":[2025,6,17,19,51,0,527044000],"hash":"d88a77bc92a8f54ccc06020de0f6a8c895bbe0036f16ef7623163ad3195d8987"},{"id":6,"username":"ADMIN","action":"CANDIDATE_DELETE","details":"Deleted candidate: fatou","timestamp":[2025,6,17,19,51,8,163655000],"hash":"9484984a1fc078c57e6900f374e01ca0b2e2d78738f3cb6a9747e15539781d9c"},{"id":7,"username":"ADMIN","action":"USER_DISABLE","details":"Disabled user: cisseouleymatou55@gmail.com","timestamp":[2025,6,17,19,51,53,160140000],"hash":"8f11799853d3ad00f5e67fae060c9d27e9d9ba1076ae58253639c959dd7d0085"},{"id":8,"username":"ADMIN","action":"USER_ENABLE","details":"Enabled user: cisseouleymatou55@gmail.com","timestamp":[2025,6,17,19,51,55,518536000],"hash":"941a7b08a73337ee2935a90b044ecee51d5dd776226c3a176d5b4b0aaa7d72ad"},{"id":9,"username":"ADMIN","action":"USER_DELETE","details":"Deleted user: cisseouleymatou555@gmail.com","timestamp":[2025,6,17,20,2,41,72632000],"hash":"9dd81241906c7ebe4c330dbdd9f5c43f9286a1e71bd4601a206a82dacf27ec3b"},{"id":10,"username":"ADMIN","action":"USER_DELETE","details":"Deleted user: cisseouleymatou55@gmail.com","timestamp":[2025,6,17,20,2,47,824276000],"hash":"cb12973340c605f1e71b6100793b0653df493a0ddc3b2ab7a7451e10bad7b2e0"},{"id":11,"username":"ADMIN","action":"USER_DELETE","details":"Deleted user: admin@gmail.com","timestamp":[2025,6,17,20,2,52,427317000],"hash":"0df40b0ebc5cea0f80b6025120a1bd994650253b8d10ce1b3e399e103ff95343"},{"id":12,"username":"ouleymatousadiyacisse@esp.sn","action":"VOTE_CAST","details":"Vote cast successfully","timestamp":[2025,6,17,21,0,34,399739000],"hash":"a84718132a82004e9fb96d3d996e3a92c6964aa92d758a1bfabeb866ff9626d8"},{"id":13,"username":"ouley@gmail.com","action":"VOTE_CAST","details":"Vote cast successfully","timestamp":[2025,6,17,22,9,50,952716000],"hash":"d68d2ae79ed87409d2c90612052d05e67eda40d0b52a328bac4cfa56281573ce"}]