[{"id":3,"email":"ouleymatousadiyacisse@esp.sn","password":"$2a$10$LshnMr8C1EMn0TAdRdgblemRxx3TO490qhc4TXvpyqBuU/u224jTW","fullName":"ouley","roles":[],"enabled":true,"hasVoted":true},{"id":5,"email":"admin1@gmail.com","password":"$2a$10$btg/QV2fgFLumYUu9Zd/A.c2WkxYaKN8/a/FkbMgTzGQqXXs6eUZO","fullName":"Admin","roles":["ADMIN"],"enabled":true,"hasVoted":false},{"id":6,"email":"ouley@gmail.com","password":"$2a$10$yhsj7BMlld6JNBfKHCiD8OJUgJbsnJTOtKT7OjvBvOuwekiZK1caC","fullName":"ouley","roles":[],"enabled":true,"hasVoted":true}]